modele,accuracy,f1_macro,f1_weighted,temps_s
Decision Tree,0.8848888888888888,0.6238791258708138,0.886799675680744,0.011
Random Forest,0.9244444444444444,0.7114598764607555,0.9255615596188871,0.238
Gradient Boosting,0.9782222222222222,0.8785213760563115,0.9782204313138098,6.566
XGBoost,0.9737777777777777,0.8921743298019995,0.9739484918765441,0.291
